IncidentNum;Date;time;County;Location;Mode;Injury;Depth;Species;Comment;Longitude;Latitude;Fatal;Species_simplified;Depth_simplified;Moon Phase;Percent Full
1;08/10/1950;12:00:00;San Diego;Imperial Beach;Swimming;major;surface;White;Body Surfing, bit multiple times on leg, thigh and body;-117.1466667;32.58833333;No;White;Surface;WANING CRESCENT;10.9
2;27/05/1952;14:00:00;San Diego;Imperial Beach;Swimming;minor;surface;White;Foot & swim fin bitten;-117.2466667;32.58833333;No;White;Surface;WAXING CRESCENT;13.91
3;07/12/1952;14:00:00;Monterey;Lovers Point;Swimming;fatal;surface;White;Attacked from below then second time from front, fatal;-122.05;36.62666667;Yes;White;Surface;WANING GIBBOUS;66.9
4;06/02/1955;12:00:00;Monterey;Pacific Grove;Freediving;minor;surface;White;Attacked from behind, lost swim fin;-122.15;36.62666667;No;White;Surface;FULL;100
5;14/08/1956;16:30:00;San Luis Obispo;Pismo Beach;Swimming;major;surface;White;Large (9 ft) shark attacked side and hands in shallow water;-120.6466667;35.13833333;No;White;Surface;WAXING GIBBOUS;62.73
6;28/04/1957;13:30:00;San Luis Obispo;Morro Bay;Swimming;fatal;surface;White;First hand accounts suggest a large white shark, bit swimmer's arm, victim never found;-120.875;35.40333333;Yes;White;Surface;NEW;1.89
7;12/10/1958;NULL;San Diego;Coronado Strand;Swimming;major;surface;White;Shark bit swimmer multiple times on leg and torso;-117.2166667;32.685;No;White;Surface;NEW;0
8;07/05/1959;17:30:00;San Francisco;Baker Beach;Swimming;fatal;surface;White;Shark bit swimmer multiple times ;-122.4836;37.7936;Yes;White;Surface;NEW;0
9;14/06/1959;17:00:00;San Diego;La Jolla;Freediving;fatal;surface;White;Free diver bit, dragged to bottom and not recovered, eyewitness reports;-117.28;32.855;Yes;White;Surface;WAXING GIBBOUS;54.88
10;28/07/1959;19:30:00;San Diego;La Jolla;Freediving;minor;surface;Hammerhead;Hammerhead bit thigh. Diver saw shark during and after attack;-117.38;32.855;No;Other;Surface;WANING CRESCENT;39.92
11;04/10/1959;15:00:00;Sonoma;Bodega Rock;Freediving;none;surface;White;Large shark grabbed fin, no injury;-123.0466667;38.295;No;White;Surface;WAXING CRESCENT;6.42
12;10/11/1959;10:30:00;Los Angeles;Malibu, Paradise Cove;Freediving;minor;surface;Blue;Blue shark bit arm and released, minor injuries;-118.7833333;34.01833333;No;Other;Surface;WAXING GIBBOUS;80.48
13;24/04/1960;14:00:00;Marin;Tomales Point;Freediving;minor;surface;White;Shark bit fin and diver's heel;-122.965;38.18166667;No;White;Surface;NEW;1.55
14;19/05/1960;13:00:00;Santa Cruz;Santa Cruz, Hidden Beach, Aptos;Swimming;major;surface;White;Shark bit swimmer's leg, which was later amputated below the knee;-122.095;36.96;No;White;Surface;WANING CRESCENT;30.8
15;21/05/1961;8:30:00;Marin;Tomales Point;Freediving;none;25;White;Shark bit abalone diver's weight belt, no injuries;-123.065;38.18166667;No;White;21-30;WAXING CRESCENT;40.46
16;20/08/1961;9:30:00;Sonoma;Salmon Creek Beach;Swimming;major;surface;White;Shark bit swimmer's groin and leg with major injuries to the foot and other lacerations;-123.0766667;38.35833333;No;White;Surface;WAXING GIBBOUS;63.01
17;14/01/1962;10:30:00;Island - Farallones;Farallon Islands;Scuba Diving;major;surface;White;Spearfishing free diver bitten severely in Leg;-123.0316667;37.72;No;White;Surface;WAXING GIBBOUS;66.22
18;11/11/1962;12:45:00;Island - Farallones;Farallon Islands;Scuba Diving;major;surface;White;SCUBA diver attacked at surface and bitten in multiple locations;-123.1316667;37.72;No;White;Surface;FULL;100
19;11/01/1964;12:00:00;Island - Farallones;Farallon Islands;Scuba Diving;major;surface;White;Shark bit SCUBA diver on surface then circled and approached several times. Major injuries to legs;-123.2316667;37.72;No;White;Surface;WANING CRESCENT;9.19
20;22/01/1966;11:00:00;Monterey;Cypress Point;Freediving;major;surface;White;Shark bit free diver at surface injuring thigh and arm;-122.0423722;36.58333333;No;White;Surface;NEW;1.02
21;27/07/1968;11:00:00;Sonoma;Bodega Rock;Freediving;major;20;White;Shark bit free dive near bottom with major injuries to chest and back;-123.1466667;38.295;No;White;nov-20;NEW;4.96
23;06/09/1969;11:20:00;Marin;Tomales Point;Freediving;major;surface;White;Free diver near surface, major injuries to legs;-123.165;38.18166667;No;White;Surface;WANING CRESCENT;23.3
24;19/07/1971;NULL;Santa Barbara;Purisma Point;Hookah Diving;major;20;White;Shark attacked abalone Hookah Diving diver on bottom, major injuries to head, back and buttocks. Incorrectly reported in Miller/Collier as 1972;-120.6416667;34.75833333;No;White;nov-20;WANING CRESCENT;8.16
25;02/10/1971;14:00:00;Sonoma;Sea Ranch;Scuba Diving;major;15;White;SCUBA Diver near bottom, both legs with deep cuts;-123.43;38.66666667;No;White;nov-20;WAXING GIBBOUS;94.9
26;28/05/1972;13:30:00;Marin;Tomales Point;Freediving;major;surface;White;Free Diver at surface, Major injuries to thighs;-123.265;38.18166667;No;White;Surface;FULL;100
28;26/05/1974;11:30:00;Marin;Tomales Point;Freediving;major;surface;White;Free diver at surface, injuries to legs;-123.365;38.18166667;No;White;Surface;WAXING CRESCENT;29.13
29;26/07/1974;NULL;Mendocino;Albion;Freediving;minor;25;White;Shark grabbed free diver's foot on descent, minor injuries;-123.7766667;39.22833333;No;White;21-30;WAXING GIBBOUS;55.25
30;05/08/1974;NULL;San Mateo;San Gregorio State Beach;Surfing / Boarding;minor;surface;White;Shark bit surfer's board with minor laceration to hand;-122.4083333;37.32333333;No;White;Surface;WANING GIBBOUS;94.36
31;02/09/1974;17:30:00;San Mateo;Franklin Point;Scuba Diving;minor;surface;White;2 SCUBA divers at surface, shark bit first diver on foot and second on hand, minor injuries;-122.3666667;37.15;No;White;Surface;FULL;99.31
32;02/09/1974;17:30:00;San Mateo;Franklin Point;Scuba Diving;minor;surface;White;2 SCUBA divers at surface, shark bit first diver on foot and second on hand, minor injuries;-122.4666667;37.15;No;White;Surface;FULL;99.31
33;14/09/1974;13:35:00;Island - Farallones;Farallon Islands;Hookah Diving;major;28;White;Hookah diver on bottom, major injuries to arms and thigh;-123.3316667;37.72;No;White;21-30;NEW;3.11
34;28/09/1974;7:30:00;Monterey;Point Sur;Surfing / Boarding;major;surface;White;Surfer bitten on legs with major injuries;-121.9966667;36.31333333;No;White;Surface;WAXING GIBBOUS;92.71
35;19/07/1975;13:30:00;Santa Barbara;Point Conception, Perch Rock;Hookah Diving;none;30;White;Abalone Hookah diver, bitten on fin with minor injury;-120.475;34.45;No;White;21-30;WAXING GIBBOUS;87.24
36;23/07/1975;14:30:00;Santa Barbara;Point Conception;Scuba Diving;major;surface;White;Shark attacked SCUBA diver at surface with major injuries to legs;-120.575;34.45;No;White;Surface;FULL;100
37;09/08/1975;13:30:00;Mendocino;Usal Creek;Freediving;major;19;White;Abalone free diver at surface, major injuries to hand and arm;-123.8566667;39.82;No;White;nov-20;WAXING CRESCENT;6.97
38;06/12/1975;12:00:00;Island - Farallones;Farallon Islands;Scuba Diving;major;20;White;Shark attacked SCUBA diver underwater with injuries to leg;-123.4316667;37.72;No;White;nov-20;WAXING CRESCENT;15.34
39;18/10/1976;14:30:00;Humboldt;Moonstone Beach;Surfing / Boarding;minor;surface;White;Surfer bitten on legs with minor injuries;-124.1116667;41.025;No;White;Surface;WANING CRESCENT;25.35
40;18/10/1976;9:00:00;Island - San Miguel;San Miguel Island;Hookah Diving;major;18;White;Hookah diver bitten underwater with major injuries to thighs and buttocks;-120.4366667;34.04;No;White;nov-20;WANING CRESCENT;25.35
41;14/08/1977;NULL;Marin;Tomales Point;Freediving;major;surface;White;Abalone Free diver near surface, with major injuries to legs;-123.465;38.18166667;No;White;Surface;NEW;0
42;05/08/1978;12:45:00;Santa Cruz;Pajaro Dunes;Swimming;minor;surface;Unknown;Body Surfing / Boarding, about to stand and bit on leg, minor injuries. Bite size indicates a smaller shark, possibly not white;-121.81;36.86;No;Other;Surface;NEW;2.8
43;11/03/1979;10:00:00;San Mateo;Ano Nuevo Island;Scuba Diving;none;20;White;Shark grabbed SCUBA divers fin underwater, without injury;-122.3433333;37.10833333;No;White;nov-20;FULL;99.42
44;17/10/1980;9:30:00;Humboldt;Moonstone Beach;Surfing / Boarding;none;surface;White;Surfer's board grabbed without injury;-124.2116667;41.025;No;White;Surface;WAXING GIBBOUS;56.8
45;19/12/1981;NULL;Monterey;Spanish Bay;Surfing / Boarding;fatal;surface;White;Surfer found dead with major wound and surfboard indicating large white shark;-122.25;36.62666667;Yes;White;Surface;WANING CRESCENT;34.52
46;07/02/1982;11:00:00;Sonoma;Stillwater Cove;Scuba Diving;major;40;White;SCUBA diver grabbed by leg on descent with major injuries to thigh and leg;-123.305;38.54333333;No;White;31-40;FULL;100
47;24/07/1982;11:00:00;San Luis Obispo;Point Buchon;Paddleboarding;none;surface;White;Shark grabbed large paddle board with no injury;-120.9066667;35.23666667;No;White;Surface;WAXING CRESCENT;20.83
48;19/09/1982;NULL;Mendocino;Bear Harbor;Freediving;major;12;White;Free diver bitten on descent with major lacerations to buttocks;-123.9333333;39.93333333;No;White;nov-20;WAXING CRESCENT;6.25
49;25/09/1982;8:00:00;Monterey;Monastery Beach;Scuba Diving;minor;40;White;Shark bumped diver underwater Diver pushed away and received lacerations to hand;-121.9266667;36.52666667;No;White;31-40;WAXING GIBBOUS;55.88
50;15/09/1984;8:30:00;San Mateo;Pigeon Point;Freediving;fatal;surface;White;Shark attacked diver on mat at surface, dragging him away then releasing, Multiple major lacerations leading to death.;-122.5083333;37.19166667;Yes;White;Surface;WANING GIBBOUS;74.86
51;17/09/1984;15:30:00;San Diego;Mission Beach;Swimming;minor;surface;Blue;Shark bit wading swimmer. Minor injuries to arm. Bite size indicative of a smaller shark, possible blue;-117.2566667;32.785;No;Other;Surface;WANING GIBBOUS;56.08
52;30/09/1984;10:00:00;Marin;Tomales Point;Freediving;major;10;White;Free diver underwater, numerous lacerations to back, buttock, thighs;-123.565;38.18166667;No;White;0-10;WAXING CRESCENT;38.34
53;18/02/1985;NULL;Island - San Miguel;San Miguel Island;Scuba Diving;minor;surface;White;Diver observed shark underwater then was struck at surface with no injuries. Tank marked by shark's teeth;-120.5366667;34.04;No;White;Surface;NEW;0.88
54;26/05/1985;11:00:00;Orange;Seal Beach;Surfing / Boarding;minor;surface;Unknown;Surfer noted boil in water then fell off board and received a single gash to leg possible not shark;-118.1;33.75;No;Other;Surface;WAXING CRESCENT;41.8
55;28/09/1985;NULL;Marin;Tomales Point, Elephant Rock;Freediving;none;14;White;Shark bumped diver, but swam off with no injuries;-123.665;38.18166667;No;White;nov-20;FULL;100
56;22/10/1985;16:00:00;Santa Barbara;Point Conception;Hookah Diving;minor;15;Unknown;Hookah diving, Minor injury to foot & ankle Possibly six/seven gill shark;-120.675;34.45;No;Other;nov-20;WAXING GIBBOUS;69.89
57;06/12/1986;9:00:00;Monterey;Monastery Beach;Freediving;major;38;White;Diver on bottom, major bites to chest, arms, upper body;-122.1266667;36.52666667;No;White;31-40;WAXING CRESCENT;33.62
58;15/08/1987;7:30:00;San Mateo;Half Moon Bay, Tunitas Creek;Surfing / Boarding;minor;surface;White;Shark grabbed surfer's board, minor scrapes to fingers;-122.499;37.492;No;White;Surface;WANING CRESCENT;29.93
59;26/10/1987;17:00:00;Santa Cruz;Davenport Light;Surfing / Boarding;minor;surface;White;Shark grabbed surfer upper left leg and continued to heel, minor injuries, small shark;-122.2533333;37.05;No;White;Surface;WAXING CRESCENT;18.99
60;24/04/1988;NULL;San Luis Obispo;Morro Rock;Surfing / Boarding;none;surface;White;"Per McCosker and Lea in Klimley 2003, the surfer was not injured""""""""";-120.975;35.40333333;No;White;Surface;WAXING GIBBOUS;57.96
61;11/08/1988;9:00:00;Del Norte;Klamath River;Surfing / Boarding;minor;surface;White;Shark bit board and surfer with injuries to thigh and buttocks;-124.0883333;41.56166667;No;White;Surface;NEW;0.69
62;26/01/1989;10:15:00;Los Angeles;Malibu;Kayaking / Canoeing;fatal;surface;White;Two Kayakers, one found with injuries consistent with white shark attack;-118.8833333;34.01833333;Yes;White;Surface;WANING GIBBOUS;79.79
63;09/09/1989;12:00:00;Island - Farallones;Farallon Islands;Hookah Diving;major;25;White;Diver bitten in leg on descent;-123.5316667;37.72;No;White;21-30;WAXING GIBBOUS;62.53
64;12/01/1990;NULL;San Mateo;Montara;Surfing / Boarding;none;surface;White;Shark rammed surfboard from below, no injuries;-122.5183333;37.55833333;No;White;Surface;FULL;97.24
65;28/08/1990;17:00:00;Humboldt;Trinidad Head;Surfing / Boarding;minor;surface;White;Shark knocked surfer off board and bit board and surfer's leg;-124.15;41.05833333;No;White;Surface;WAXING GIBBOUS;53.34
66;05/09/1990;17:00:00;Humboldt;Trinidad State Beach;Kayaking / Canoeing;none;surface;White;Shark knocked kayaker into water, no injuries;-124.25;41.05833333;No;White;Surface;FULL;100
67;08/09/1990;13:00:00;Sonoma;North of Jenner;Freediving;major;surface;White;Shark bit diver and carried him through the water with injuries to head and face;-123.175;38.475;No;White;Surface;WANING GIBBOUS;83.87
68;03/11/1990;15:00:00;Monterey;Monastery Beach;Scuba Diving;major;surface;White;Shark bit diver on surface with injuries to leg / Eloise Tavares CDFW;-122.2266667;36.52666667;No;White;Surface;FULL;99.15
69;01/07/1991;9:30:00;Santa Cruz;Davenport;Surfing / Boarding;major;surface;White;Surfer attacked with major injuries to leg and arms;-122.3533333;37.05;No;White;Surface;WANING GIBBOUS;82.21
70;05/10/1991;7:30:00;Santa Cruz;Davenport, Scott Creek, 1 mi north;Surfing / Boarding;major;surface;White;Shark attacked surfer with major injuries to arms and shoulders;-122.4533333;37.05;No;White;Surface;WANING CRESCENT;6.17
71;09/10/1991;NULL;Marin;Point Reyes;Hookah Diving;none;25;White;Shark approached diver and grabbed his scooter as the diver positioned it in front, then tangled in hose before returning for a pass;-122.99694;37.983;No;White;21-30;NEW;3.6
72;04/12/1991;15:00:00;Humboldt;Shelter Cove;Hookah Diving;none;surface;White;Shark hit diver and grabbed hose, dragging through water without injuries;-124.0833333;40.02833333;No;White;Surface;NEW;2.08
73;18/08/1992;20:15:00;Del Norte;Klamath River;Surfing / Boarding;none;surface;White;Shark grabbed surfboard and tossed diver without injuries;-124.1883333;41.56166667;No;White;Surface;WANING GIBBOUS;76.65
74;29/10/1992;11:00:00;Island - San Miguel;Castle Rock;Hookah Diving;minor;47;White;Shark grabbed diver's fin and foot underwater. Minor injuries to foot.;-120.6366667;34.04;No;White;41+;WAXING CRESCENT;16.59
75;11/11/1992;14:00:00;Island - San Nicolas;San Nicolas Island;Scuba Diving;minor;72;Unknown;Shark grabbed diver's fin and foot underwater. Minor injuries to foot. Possibly thresher or soupfin, seen earlier;-119.5383333;33.22666667;No;Other;41+;FULL;98.09
76;14/11/1992;13:00:00;San Mateo;Ano Nuevo State Reserve;Kayaking / Canoeing;none;surface;White;Shark grabbed kayak and shook it, without injuring occupant;-122.4433333;37.10833333;No;White;Surface;WANING GIBBOUS;79.46
77;29/11/1992;15:30:00;San Diego;San Onofre State Beach;Freediving;minor;surface;Unknown;Shark bit spearfisherman's leg with lacerations and punctures. Possible mako or white, survivor claims mako;-117.6;33.37;No;Other;Surface;WAXING CRESCENT;26.79
78;12/03/1993;14:30:00;San Mateo;San Pedro Point;Freediving;none;15;White;Shark grabbed diver's fin with no injury;-122.517;37.59666667;No;White;nov-20;WANING GIBBOUS;75.51
79;12/08/1993;14:00:00;Mendocino;Fort Bragg - Abalone Point;Freediving;major;5;White;Shark grabbed diver's head and shoulders with major injuries to shoulder, neck and face;-123.785;39.66666667;No;White;0-10;WANING CRESCENT;30.21
80;10/10/1993;14:30:00;Sonoma;Jenner, Goat Rock Beach;Kayaking / Canoeing;none;surface;White;Shark hit kayak, ejecting occupant without injury;-123.1333333;38.43666667;No;White;Surface;WANING CRESCENT;30.22
82;09/12/1994;9:00:00;Island - San Miguel;Harris Point;Hookah Diving;fatal;Unknown;White;Diver surfaced yelling for help. Wounds to leg were severe and died from blood loss enroute to hospital;-120.7366667;34.04;Yes;White;Unknown;WAXING CRESCENT;48.09
83;24/06/1995;NULL;San Diego;La Jolla;Kayaking / Canoeing;minor;surface;White;Kayaker was bitten in head, with shark tooth removed from face, little detail available;-117.48;32.855;No;White;Surface;WANING CRESCENT;9.91
84;30/06/1995;17:30:00;Monterey;Point Lobos, outer Bluefish Cove;Scuba Diving;major;40;White;Diver using underwater scooter observed shark underwater then was struck with injuries to arm, abdomen and leg;-122.0266667;36.52666667;No;White;31-40;WAXING CRESCENT;6.37
85;03/09/1995;16:00:00;Humboldt;Shelter Cove;Freediving;major;surface;White;Shark grabbed diver injuring lower leg with punctures to bone;-124.1833333;40.02833333;No;White;Surface;WAXING GIBBOUS;64.75
86;28/09/1995;17:30:00;Santa Cruz;Davenport Landing;Surfing / Boarding;minor;surface;White;Sharked knocked windsurfer into water with witnesses. lea/Mccosker have date as 9/29;-122.5533333;37.05;No;White;Surface;WAXING CRESCENT;18.73
87;13/08/1996;11:15:00;Marin;Tomales Point, Bird Rock;Freediving;major;18;White;Diver saw shark which immediately turned and grabbed diver. Major lacerations to shoulder, arm;-123.765;38.18166667;No;White;nov-20;NEW;0
88;03/10/1996;7:30:00;Sonoma;Salmon Creek Beach;Surfing / Boarding;none;surface;White;Shark swam at surfer and repeatedly bumped board, following surfer towards shore.;-123.1766667;38.35833333;No;White;Surface;WANING GIBBOUS;58.1
89;05/10/1996;13:00:00;Marin;Dillon Beach;Surfing / Boarding;major;surface;White;Shark attacked surfer with major injuries to leg. Continued circling after attack;-122.9716667;38.25;No;White;Surface;WANING CRESCENT;38.93
90;29/11/1996;8:30:00;Sonoma;Salmon Creek Beach;Surfing / Boarding;minor;surface;White;Shark bit surfer's shin then grabbed board with minor injury to shin;-123.2766667;38.35833333;No;White;Surface;WANING GIBBOUS;80.66
91;24/08/1997;NULL;Humboldt;Moonstone Beach;Surfing / Boarding;major;surface;White;Shark bit surfer's leg, hand, and board with major injuries to thigh;-124.3116667;41.025;No;White;Surface;WANING GIBBOUS;54.5
92;26/08/1998;14:15:00;Marin;Stinson Beach;Surfing / Boarding;major;surface;White;Shark bit boogie boarder, dragging him underwater. Major injuries to thighs and legs.;-122.645;37.89666667;No;White;Surface;WAXING CRESCENT;18.93
93;15/11/1999;NULL;Santa Cruz;Waddell Reef;Surfing / Boarding;none;surface;White;Shark grabbed surfers board leaving impressions but no injury to surfer;-122.28333;37.09583;No;White;Surface;WAXING CRESCENT;43.71
94;29/09/2000;9:00:00;San Mateo;Half Moon Bay, Pillar Point;Surfing / Boarding;none;surface;White;Shark grabbed surfboard from below, missing surfer but minor scratches and cut to wetsuit.;-122.599;37.492;No;White;Surface;NEW;4.25
97;31/05/2002;14:00:00;Marin;Stinson Beach, off Bolinas Lagoon;Surfing / Boarding;major;surface;White;Shark attacked surfer from below with major injuries to both thighs;-122.745;37.89666667;No;White;Surface;WANING GIBBOUS;71.84
98;21/09/2002;NULL;Humboldt;Moonstone Beach;Surfing / Boarding;none;surface;White;Shark grabbed surfer's board, no injuries;-124.4116667;41.025;No;White;Surface;FULL;100
99;28/11/2002;9:45:00;Sonoma;Salmon Creek Beach;Surfing / Boarding;major;surface;White;Shark grabbed surfer from below with major injuries to thigh;-123.3766667;38.35833333;No;White;Surface;WANING CRESCENT;38.06
100;19/08/2003;8:30:00;San Luis Obispo;Avila Beach;Swimming;fatal;surface;White;Shark grabbed woman Swimming on surface in group of seals. Major injuries including femoral artery - fatal;-120.7;35.2;Yes;White;Surface;WANING GIBBOUS;53.29
101;28/05/2004;11:00:00;Sonoma;Salmon Creek Beach;Surfing / Boarding;none;surface;White;Shark bumped surfer, then thrashed and circled several times, No injury;-123.4766667;38.35833333;No;White;Surface;WAXING GIBBOUS;63.89
102;26/06/2004;9:00:00;San Diego;San Onofre State Beach;Surfing / Boarding;none;surface;White;Shark struck surfer's board twice, no injury;-117.7;33.37;No;White;Surface;WAXING GIBBOUS;59.32
103;15/08/2004;16:30:00;Mendocino;Kibesillah Rock;Freediving;fatal;surface;White;Shark bit diver on descent with immediate fatal injuries. Body found next day.;-123.7783333;39.57833333;Yes;White;Surface;NEW;0
105;01/10/2004;13:45:00;Orange;Huntington Beach, Tower 16;Surfing / Boarding;none;surface;White;No injury, shark struck board & spun it around;-118;33.7;No;White;Surface;WANING GIBBOUS;89.69
106;02/10/2004;15:30:00;San Luis Obispo;Pismo Beach;Surfing / Boarding;none;surface;White;No injury, knocked off surfboard, surfboard had bite marks;-120.7466667;35.13833333;No;White;Surface;WANING GIBBOUS;82.89
107;10/10/2004;9:30:00;Marin;Limantour Beach;Surfing / Boarding;minor;surface;White;Shark bit surfer's leg with minor injuries to calf;-122.886;38.024;No;White;Surface;WANING CRESCENT;13.21
109;24/08/2005;11:00:00;San Diego;La Jolla;Surfing / Boarding;minor;surface;White;Shark bit surfer's leg when he stepped off board in shallow water, shark observed looked like small white;-117.58;32.855;No;White;Surface;WANING GIBBOUS;70.03
110;19/10/2005;11:00:00;Sonoma;Salmon Creek Beach;Surfing / Boarding;major;surface;White;Shark bit surfer from below, pushing up out of water. Major injuries to hip and thighs;-123.5766667;38.35833333;No;White;Surface;WANING GIBBOUS;94.21
111;21/10/2005;11:00:00;Del Norte;Klamath River Mouth;Surfing / Boarding;minor;surface;White;Shark hit surfer's board and pushed him off, small cut to thigh;-124.2883333;41.56166667;No;White;Surface;WANING GIBBOUS;80.8
112;02/11/2005;16:45:00;San Mateo;Half Moon Bay, Mavericks;Surfing / Boarding;none;surface;White;Shark hit board from beneath, pushing surfer off and leaving a tooth and dent in board;-122.699;37.492;No;White;Surface;NEW;0
113;02/11/2005;7:15:00;San Francisco;Ocean Beach;Surfing / Boarding;none;surface;White;No injury, Board bumped, surfer saw fin after hitting shark;-122.518;37.74;No;White;Surface;NEW;0
115;17/06/2006;11:10:00;Monterey;Monterey;Scuba Diving;none;submerged;White;No injury, shark bit Scuba Diving tank boot, shark not seen - presumed white;-121.85;36.62666667;No;White;Submerged;WANING GIBBOUS;51.49
116;10/12/2006;12:00:00;Marin;Dillon Beach;Surfing / Boarding;minor;surface;White;Shark bit board from below with minor nicks to the surfer's thigh;-123.0716667;38.25;No;White;Surface;WANING GIBBOUS;67.85
117;30/06/2007;10:00:00;Los Angeles;Will Rogers State Beach;Swimming;minor;surface;Unknown;Swimmers hand bitten while swimming. Minor abrasions to hand. Unknown species, possibly blue/mako/juvenile white;-118.54;34.03;No;Other;Surface;FULL;100
118;17/07/2007;11:00:00;Ventura;Faria Beach;Swimming;minor;surface;Unknown;Swimmer's foot was bitten by unseen animal. Minor abrasions to foot;-119.391;34.318;No;Other;Surface;WAXING CRESCENT;10.99
119;21/07/2007;10:15:00;San Mateo;Pigeon Point/Bean Hollow;Kayaking / Canoeing;none;surface;White;Shark struck front of kayak, no injury;-122.6083333;37.19166667;No;White;Surface;WAXING CRESCENT;44.4
120;22/07/2007;9:00:00;Los Angeles;Malibu;Paddleboarding;none;surface;White;Stand-up Paddle boarder was followed then repeatedly bumped by white shark, no injuries;-118.9833333;34.01833333;No;White;Surface;WAXING GIBBOUS;53.8
121;28/07/2007;23:00:00;San Diego;Imperial Beach;Surfing / Boarding;none;surface;Unknown;Shark jumped out of water landing on and biting board, no injury;-117.3466667;32.58833333;No;Other;Surface;FULL;97.7
122;28/08/2007;11:00:00;Monterey;Marina State Beach;Surfing / Boarding;major;surface;White;Shark grabbed surfer and board, dragging underwater. Major injuries to torso and thighs;-121.8;36.7;No;White;Surface;FULL;100
123;27/09/2007;12:00:00;Humboldt;Moonstone Beach;Surfing / Boarding;none;surface;White;Shark bit tail of surfboard, leaving impression, surfer uninjured;-124.5116667;41.025;No;White;Surface;FULL;98.91
124;30/09/2007;11:30:00;Los Angeles;Santa Monica;Surfing / Boarding;minor;surface;Unknown;Puncture wound to foot, surfer witnessed small sharks (possibly leopard) but wound likely stingray;-118.502;34.004;No;Other;Surface;WANING GIBBOUS;79.55
125;07/10/2007;20:30:00;Los Angeles;Venice Pier;Surfing / Boarding;minor;surface;Leopard;4 scratches on left hand;;;;;;;
126;07/03/2008;7:00:00;Orange;Huntington Beach;Surfing / Boarding;none;surface;White;No injury to surfer, surfboard bitten by the shark;-118.1;33.7;No;White;Surface;NEW;0
127;25/04/2008;7:00:00;San Diego;Solana Beach;Swimming;fatal;surface;White;Swimmer bitten by large shark with major injuries to both thighs, Fatal;-117.3;33;Yes;White;Surface;WANING GIBBOUS;77.03
128;21/06/2008;9:00:00;Island - Catalina;West Cove;Kayaking / Canoeing;none;surface;White;No injury. Shark bumped kayak, flinging her into the  water;-118.4163;33.3879;No;White;Surface;WANING GIBBOUS;92.11
129;08/09/2008;10:30:00;Santa Barbara;Surf Beach, Lompoc;Surfing / Boarding;none;surface;White;No injury to surfer, board bitten;-120.61;34.683;No;White;Surface;WAXING GIBBOUS;60.17
130;06/04/2009;7:00:00;San Diego;San Diego;Freediving;none;surface;White;Shark struck him but the diver was not injured;-117.274;32.817;No;White;Surface;WAXING GIBBOUS;89.9
131;25/08/2009;16:30:00;San Diego;Terramar Beach;Swimming;minor;surface;White;Puncture wounds to left foot & calf;-117.3;33.1;No;White;Surface;WAXING CRESCENT;31.97
132;30/08/2009;18:30:00;Orange;Huntington Beach;Surfing / Boarding;none;surface;White;Shark bumped board then was witnessed in wave afterward, No Injury;-118.2;33.7;No;White;Surface;WAXING GIBBOUS;78.63
133;24/10/2009;17:30:00;San Diego;San Onofre State Beach;Surfing / Boarding;minor;surface;Unknown;3 puncture wounds to big toe of left foot, and laceration on arch of foot;-117.8;33.37;No;Other;Surface;WAXING CRESCENT;37.3
134;05/11/2009;17:00:00;Santa Cruz;Davenport;Surfing / Boarding;none;surface;White;No injury, board broken in half;-122.6533333;37.05;No;White;Surface;WANING GIBBOUS;89.87
135;02/07/2010;15:15:00;San Diego;San Onofre State Beach;Paddleboarding;none;surface;White;Shark bumped and turned board without injury;-117.9;33.37;No;White;Surface;WANING GIBBOUS;68.2
136;02/07/2010;18:30:00;San Luis Obispo;Pismo Beach;Surfing / Boarding;minor;surface;Leopard;Shark bit surfer and was picked up in surfer's hand. Laceration to left foot;;;;;;;
137;02/08/2010;12:40:00;Santa Barbara;Near Oil Rig Hondo, Gaviota;Kayaking / Canoeing;none;surface;White;No injury, kayak bitten;-120.122;34.397;No;White;Surface;WANING GIBBOUS;54.45
138;14/08/2010;10:00:00;San Mateo;Pigeon Point;Kayaking / Canoeing;none;surface;White;No injury, kayak bitten;-122.7083333;37.19166667;No;White;Surface;WAXING CRESCENT;27.57
139;22/10/2010;9:00:00;Santa Barbara;Surf Beach, Lompoc;Surfing / Boarding;fatal;surface;White;Shark bit boogie boarder, dragging him underwater. Major injuries to thighs and legs.;-120.71;34.683;Yes;White;Surface;FULL;100
140;06/06/2011;17:00:00;San Diego;La Jolla, Children's Pool;Freediving;none;surface;Sevengill;Sevengill shark bit spear fisherman's leg, marking wetsuit but no injury;-117.68;32.855;No;Other;Surface;WAXING CRESCENT;24.07
141;24/06/2011;13:30:00;San Diego;San Onofre State Beach;Surfing / Boarding;none;surface;White;Shark leapt onto surfboard;;;;;;;
142;11/09/2011;12:30:00;Humboldt;Samoa Beach;Surfing / Boarding;none;surface;White;No injury, board bitten;-124.204;40.8;No;White;Surface;FULL;100
143;29/10/2011;7:00:00;Monterey;Marina State Beach;Surfing / Boarding;major;surface;White;Shark bit surfers board with major injuries to neck and arm;-121.9;36.7;No;White;Surface;WAXING CRESCENT;11.41
144;22/11/2011;11:30:00;San Mateo;Pigeon Point;Kayaking / Canoeing;none;surface;White;No injury, kayak bitten;-122.8083333;37.19166667;No;White;Surface;WANING CRESCENT;9.44
145;06/05/2012;7:30:00;Island - Catalina;Catalina Island;Paddleboarding;none;surface;White;Paddle boarding, No injury, shark bit paddleboard;-118.5163;33.3879;No;White;Surface;FULL;100
146;12/05/2012;13:30:00;San Luis Obispo;Cambria, Leffingwell Landing;Kayaking / Canoeing;none;surface;White;Shark hit kayak, ejecting occupant without injury;-121.122;35.583;No;White;Surface;WANING GIBBOUS;52.56
147;07/07/2012;8:30:00;Santa Cruz;Santa Cruz, Pleasure Point;Kayaking / Canoeing;none;surface;White;Shark hit kayak, ejecting occupant without injury;;;;;;;
148;31/07/2012;6:45:00;Los Angeles;Topanga Beach;Surfing / Boarding;minor;surface;Unknown;Surfer knocked off board when something struck surfboard, minor abrasion to hand;-118.6;34;No;Other;Surface;FULL;97.18
149;07/10/2012;18:30:00;Santa Cruz;Davenport Landing;Surfing / Boarding;none;surface;White;No injury to boardrider, shark struck board breaking the mast;-122.7533333;37.05;No;White;Surface;WANING GIBBOUS;56.11
150;23/10/2012;11:00:00;Santa Barbara;Surf Beach, Lompoc;Surfing / Boarding;fatal;surface;White;Shark bit surfers legs to torso with fatal injuries and mark on board;-120.81;34.683;Yes;White;Surface;WAXING GIBBOUS;66.19
152;25/06/2013;16:00:00;San Mateo;San Pedro Point, Pacifica;Kayaking / Canoeing;none;surface;White;Shark bit kayak, no injury but marks on kayak;-122.617;37.59666667;No;White;Surface;WANING GIBBOUS;92.76
153;17/08/2013;13:00:00;San Mateo;Half Moon Bay, Pillar Point;Surfing / Boarding;none;surface;White;Shark bumped board, throwing surfer and was seen shortly afterwards;-122.799;37.492;No;White;Surface;WAXING GIBBOUS;84
154;31/08/2013;23:00:00;Santa Barbara;Butterfly Beach, Santa Barbara;Swimming;minor;surface;Salmon;Swimmer was bitten on foot, later a salmon shark washed ashore with matching dentition;-119.6492;34.4176;No;Other;Surface;WANING CRESCENT;20.89
156;05/07/2014;7:30:00;San Luis Obispo;Oceano Dunes State Beach, Oceano;Surfing / Boarding;none;surface;White;Shark bit surfboard but surfer was uninjured;-120.635;35.11;No;White;Surface;WAXING GIBBOUS;51.75
157;13/09/2014;18:45:00;Santa Cruz;Santa Cruz - Manresa Beach;Surfing / Boarding;none;surface;White;Shark bit surfboard knocking surfer into water with no injuries;-122;36.7;No;White;Surface;WANING GIBBOUS;73.95
158;02/10/2014;17:30:00;Santa Barbara;Vandenberg AFB;Surfing / Boarding;minor;surface;White;Surfer bitten in knee with minor puncture wound;-120.64;34.76;No;White;Surface;WAXING GIBBOUS;59.66
159;03/10/2014;11:00:00;Santa Barbara;Vandenberg AFB;Kayaking / Canoeing;none;surface;White;Shark bit kayak ejecting kayaker into water, second attack in same location on same day;-120.74;34.76;No;White;Surface;WAXING GIBBOUS;70.62
160;03/10/2014;14:00:00;Santa Barbara;Vandenberg AFB;Kayaking / Canoeing;none;surface;White;Shark bit kayak peddle drive, ejecting kayaker into water with no injuries;-120.84;34.76;No;White;Surface;WAXING GIBBOUS;70.62
161;19/10/2014;14:30:00;Santa Barbara;Leadbetter Point;Kayaking / Canoeing;none;surface;White;Shark bit outrigger canoe with teeth marks and punctures, no injuries;-119.701;34.398;No;White;Surface;WANING CRESCENT;16.59
162;28/12/2014;11:30:00;San Luis Obispo;Montana de Oro State Park;Surfing / Boarding;major;surface;White;Shark bit board and surfer with injuries to hip requiring hospitalization;-120.892;35.276;No;White;Surface;WAXING CRESCENT;49.17
163;10/07/2015;8:45:00;Orange;Huntington Beach-Lifeguard Tower 17;Surfing / Boarding;none;surface;White;Shark bumped board, leaving marks;-118.3;33.7;No;White;Surface;WANING CRESCENT;30.04
164;18/08/2015;7:30:00;Santa Barbara;Gaviota State Beach;Kayaking / Canoeing;none;surface;White;Shark bit kayak, leaving marks;-120.21;34.367;No;White;Surface;WAXING CRESCENT;14.28
165;29/08/2015;10:15:00;San Luis Obispo;Morro Rock, Morro Bay;Surfing / Boarding;none;surface;White;Shark bit surfboard but surfer was uninjured;-121.075;35.40333333;No;White;Surface;FULL;100
166;05/09/2015;15:00:00;Ventura;Deer Creek, Malibu/Ventura;Kayaking / Canoeing;minor;surface;Hammerhead;Shark bit kayakers foot dangling in water with minor injuries - shark seen and identified as hammerhead;-118.9986;34.0514;No;Other;Surface;WANING CRESCENT;47.26
167;06/09/2015;17:30:00;Los Angeles;El Pescador State Beach, Malibu;Paddleboarding;none;surface;White;Shark hit board, knocking paddler into water - Lot's of follow-up on other websites, but no additional confirmation;-118.894;34.038;No;White;Surface;WANING CRESCENT;36.83
168;20/09/2015;11:00:00;Island - Santa Cruz;Yellow Banks;Freediving;minor;surface;Hammerhead;Shark hit spearfisherman with fish on belt on diver's right side, repeatedly attempted to bite again, diver shoved fish in shark's mouth and swam to boat, minor lacerations to right leg;-119.55;34;No;Other;Surface;WAXING CRESCENT;42.84
169;24/09/2015;11:00:00;Santa Barbara;Horseshoe Rock, Santa Barbara;Kayaking / Canoeing;minor;surface;White;Shark bit kayak, kayaker received minor scrape and dislocated thumb. Kayak marked;-119.595;34.417;No;White;Surface;WAXING GIBBOUS;83.26
170;29/05/2016;15:00:00;Orange;Corona del Mar State Beach;Swimming;major;surface;White;Attacked while Swimming on surface, Broken ribs, torso injuries, broken pelvis;-117.8755;33.5933;No;White;Surface;WANING CRESCENT;48.28
171;01/09/2016;9:00:00;Santa Barbara;Refugio State Beach;Freediving;minor;surface;White;Shark bit then repeatedly bumped free diver;;;;;;;
173;18/03/2017;16:30:00;Monterey;San Carlos Beach, Monterey;Kayaking / Canoeing;none;surface;White;Shark attacked kayak - knocking rider into water without injury. Continued to bite kayak for several minutes;-121.95;36.62666667;No;White;Surface;WANING GIBBOUSÂ ;68.53
175;11/07/2017;11:00:00;Santa Cruz;"Santa Cruz, Steamer Lane""""""""";Kayaking / Canoeing;none;surface;White;Shark bumped then bit kayak, throwing kayaker into water;-121.895;36.96;No;White;Surface;WANING GIBBOUS;94.12
176;20/07/2017;8:00:00;Santa Barbara;Goleta Beach;Paddleboarding;none;surface;White;Shark bit paddleboard, removing nose of board but not injuring boarder. Approximately 8';-119.8;34.398;No;White;Surface;WANING CRESCENT;10.82
177;20/07/2017;11:15:00;Santa Barbara;Stearns Warf, Santa Barbara;Kayaking / Canoeing;none;surface;White;Shark bit kayak, kayaker jumped off and swam to nearby boat. No injury;-119.9;34.398;No;White;Surface;WANING CRESCENT;10.82
178;01/08/2017;10:45:00;San Mateo;Pigeon Point/Bean Hollow;Kayaking / Canoeing;none;surface;White;Shark hit kayak, knocking kayaker into the water without injury;-122.9083333;37.19166667;No;White;Surface;WAXING GIBBOUS;68.98
179;24/11/2017;13:30:00;Monterey;Pebble Beach;Freediving;major;surface;White;Shark buzzed diver at 30-40 feet deep, then bit leg when on surface, major injury but leg saved;;;;;;;
180;30/12/2017;15:00:00;Marin;Drake's Estero;Surfing / Boarding;minor;surface;White;Shark bit surfers foot with minor damage to toes. Surfer hit shark, estimated 12'. Refused treatment;-122.9417;38.0278;No;White;Surface;WAXING GIBBOUS;91.46
181;25/06/2018;18:00:00;San Diego;Oceanside;Kayaking / Canoeing;none;surface;Unknown;Shark bit outrigger canoe with teeth marks and punctures, no injuries;-117.430831;33.187739;No;Other;Surface;WAXING GIBBOUS;94.03
182;24/08/2018;20:00:00;Orange;Huntington Beach;Swimming;none;surface;White;Boy wading in ocean saw shark approach and bump him, no injuries;-118.4;33.7;No;White;Surface;FULL;96.96
183;29/09/2018;7:00:00;San Diego;Beacon's Beach - Encinitas;Freediving;major;surface;White;Freediving for lobster - shark bit upper torso with major injuries to shoulder. Rescued by nearby divers/kayakers - presumed white;-117.3047;33.0652;No;White;Surface;WANING GIBBOUS;78.75
184;23/10/2018;10:00:00;Island - Farallones;Farallon Islands;Scuba Diving;major;Unknown;White;17 foot white shark bit diver in hand/arm diver helicoptered to shore;-123.6316667;37.72;No;White;Unknown;FULL;98.78
185;08/01/2019;14:00:00;San Luis Obispo;Montana de Oro State Park;Surfing / Boarding;major;surface;White;15 foot white shark bit surfer in legs. Surfer able to swim to beach and drive to hospital, 50 stiches in legs;-120.992;35.276;No;White;Surface;WAXING CRESCENT;6.23
186;07/05/2019;NULL;Sonoma;Salmon Creek Beach;Surfing / Boarding;none;surface;White;White shark bit surfers leash, shook board, no injury;-123.6766667;38.35833333;No;White;Surface;WAXING CRESCENT;8.29
187;01/09/2019;12:00:00;San Diego;Solana Beach;Surfing / Boarding;none;surface;Thresher;Surfer saw 8' shark with very long tail. As he tried to paddle away, shark bumped board then hit his leg with tail several times before swimming away;-117.4;33;No;Other;Surface;WAXING CRESCENT;7.51
188;05/10/2019;8:00:00;Island - Catalina;Ship Rock;Kayaking / Canoeing;none;surface;White;Approximately 10 foot Shark bit kayak and pushed it leaving marks and teeth, no injury;-118.4917;33.4625;No;White;Surface;WAXING GIBBOUS;59.45
189;21/12/2019;15:15:00;Island - Santa Rosa;Talcott Shoals;Surfing / Boarding;major;surface;White;Approximately 15 foot shark bit surfer on upper thigh, rescued by buddy on boat and airlifted by USCG;-120.23333;34.01667;No;White;Surface;WANING CRESCENT;23.01
190;27/03/2020;19:00:00;Santa Cruz;Santa Cruz, Pleasure Point;Paddleboarding;none;surface;White;Shark bit a lay-down paddle board, knocking boarder into water, no injury;-122.095;36.96;No;White;Surface;WAXING CRESCENT;9.39
191;01/05/2020;14:30:00;Santa Barbara;Padaro Lane, Carpenteria;Swimming;minor;surface;White;Swimmer bumped by approximately 5' long shark, with dark dorsal, in areas where several young white sharks seen earlier, minor laceration to foot;-119.695;34.41333;No;White;Surface;WAXING GIBBOUS;59.09
192;09/05/2020;13:30:00;Santa Cruz;Manresa State Beach - Sand Dollar Beach;Surfing / Boarding;fatal;surface;White;Surfer bitten in leg pronounced dead on scene, no witnesses of the shark but white sharks known to be in area - Presumed white;-121.8558;36.919966;Yes;White;Surface;WANING GIBBOUS;93.22
193;25/05/2020;7:30:00;Humboldt;Shelter Cove;Kayaking / Canoeing;none;surface;White;Kayak bitten and punctured. Kayaker hit shark. Kayak took on water, and kayaker rescued by boater;-124.283333;40.028333;No;White;Surface;WAXING CRESCENT;8.66
194;19/06/2020;16:00:00;Island - Santa Cruz;San Pedro Point;Scuba Diving;none;35;White;David Kushner, bumped on upper right side of body from behind while spearfishing for halibut then shark swam in front of him and away. ;-119.52207;34.034931;No;White;31-40;WANING CRESCENT;27.6
195;12/08/2020;17:42:00;Los Angeles;Bluff Cove, Palos Verdes;Freediving;minor;surface;White;Free diving spear fisherman had fish on a stringer and a 7-8' white shark grabbed fish, retreated when hit, then approached again. Stringer caused minor cut to fisherman's leg.;-118.4089628;33.79;No;White;Surface;WANING CRESCENT;40.71
196;28/08/2020;17:00:00;Humboldt;Shelter Cove;Kayaking / Canoeing;none;surface;White;Kayak bitten and punctured. Kayaker thrown into water but able to get back on without injury;-124.383333;40.028333;No;White;Surface;WAXING GIBBOUS;79.78
197;30/12/2020;14:00:00;San Diego;Coronado;Swimming;none;surface;White;Swimmer's fin bitten by juvenile white shark while swimming on surface. Not injury;-117.316667;32.685;No;White;Surface;FULL;100
198;26/06/2021;9:00:00;San Mateo;Gray Whale State Beach (Devil's Slide);Freediving;major;surface;White;Snorkeler was bitten on upper thigh, swam in to beach where fisherman assisted until emergency crews arrived. Originally reported as swimmer, then surfer.;-122.615003;37.564967;No;White;Surface;WANING GIBBOUS;94.92
199;30/06/2021;7:15:00;Island - Catalina;Parson's Landing;Kayaking / Canoeing;minor;surface;White;Canoer from boy scout camp was bitten on hand after feeling something bump boat, airlifted due to remote location but not for major injury. Location from LA life guards Parson's Landing;-118.55;33.47;No;White;Surface;WANING GIBBOUS;62.12
200;05/07/2021;9:15:00;San Luis Obispo;Cambria, Leffingwell Landing;Kayaking / Canoeing;none;surface;White;Kayaker was struck from below, knocked into water, and bumped by shark. Shark then came back, grabbed kayak and pushed it 30 feet. No injury;-121.222;35.583;No;White;Surface;WANING CRESCENT;16.95
201;22/07/2021;11:15:00;Monterey;Moss Landing Jetty;Surfing / Boarding;none;surface;Unknown;Surfer was paddling and felt something hit his board, when he got to shore there were tooth marks, CDFW forensics lab could not detect WS DNA;-121.7917;36.8076;No;Other;Surface;FULL;97.16
202;03/10/2021;9:00:00;Sonoma;Salmon Creek Beach;Surfing / Boarding;major;surface;White;White shark bit surfer on leg/thigh with major injuries. Surfer medivaced to hospital. CDFW confirmed species from DNA;-123.7766667;38.35833333;No;White;Surface;WANING CRESCENTÂ ;9.89
204;24/12/2021;10:40:00;San Luis Obispo;Morro Strand State Beach;Surfing / Boarding;fatal;surface;White;Surfer found victim face down in water. Signficant injuries to chest and pronounced dead at scene. Species confirmed through DNA by CDFW.;-121.175;35.40333333;Yes;White;Surface;WANING GIBBOUS;73.9
205;26/02/2022;11:30:00;Island - San Miguel;San Miguel Island - Northeast side;Scuba Diving;major;surface;White;Diver bitten on right foot by 12-14' white shark while on surface. Bleeding controlled on site, medevaced by USCG to Santa Barbara;-120.8366667;34.04;No;White;Surface;WANING CRESCENT;20.13
